ID,type,content,type,comment
1,ASP.NET,2.4 编码模型,Done,
2,ASP.NET,2.4.1 代码隐藏页面如何与页面连接,Done,通过partial
3,ASP.NET,2.4.2 控制标签如何与页面变量连接,Done,通过protected声明
4,ASP.NET,2.4.3 事件处理如何与事件处理程序连接,Done,三种方式
5,ASP.NET,2.5 Web项目,Done,
6,ASP.NET,2.5.1 基于项目的开发,Done,
7,ASP.NET,2.5.2 创建Web项目,Done,
8,ASP.NET,2.5.3 迁移旧版Visual Studio创建的网站,Done,config会发生改变
9,ASP.NET,2.6 Visual Studio调试,Done,测试服务器
10,ASP.NET,2.6.1 单步调试,Done,"F11,F10,S+F11, F5"
11,ASP.NET,2.6.2 变量监视,Done,"局部, 自动, 监视"
12,ASP.NET,2.6.3 高级断点,Done,几乎很少看见用
13,ASP.NET,2.7 Web Development Helper,Done,还是Firebug好
14,ASP.NET,2.8 总结,Done,
15,ASP.NET,3 Web窗体,Done,注意表单的变化
16,ASP.NET,3.1 页面处理,Done,"回送, 无状态"
17,ASP.NET,3.1.1 HTML表单,Done,
18,ASP.NET,3.1.2 动态用户界面,Done,
19,ASP.NET,3.1.3 事件模型,Done,
20,ASP.NET,3.1.4 自动回送,Done,AutoPostBack
21,ASP.NET,3.1.5 视图状态,Done,viewState可解码
22,ASP.NET,3.1.6 XHTML兼容性,Review,要重点复习下!
23,ASP.NET,3.1.7 客户端控件ID,Done,"AutoID, ClientMode"
24,ASP.NET,3.2 Web窗体处理阶段,Done,
25,ASP.NET,3.2.1 页面框架初始化,Done,PageInit
26,ASP.NET,3.2.2 用户代码初始化,Done,
27,ASP.NET,3.2.3 验证,Done,
28,ASP.NET,3.2.4 事件处理,Done,记住优缺点
29,ASP.NET,3.2.5 自动数据绑定,Done,
30,ASP.NET,3.2.6 清除,Done,Page.Disposed
31,ASP.NET,3.2.7 页面流示例,Done,去下源代码
32,ASP.NET,3.3 作为控件容器的页面,Done,Page.Controls
33,ASP.NET,3.3.1 显示控件树,Done,例子有点烦人
34,ASP.NET,3.3.2 页头,Done,比较简单
35,ASP.NET,3.3.3 动态控件的创建,Review,"不是很懂, 需复习"
36,ASP.NET,3.4 Page类,Done,
37,ASP.NET,"3.4.1 Session, Application和Cache",Done,只是点到为止
38,ASP.NET,3.4.2 Request,Review,需深入
39,ASP.NET,3.4.3 Response,Review,需深入
40,ASP.NET,3.4.4 Server,Review,需深入
41,ASP.NET,3.4.5 User,Done,看第4部分
42,ASP.NET,3.4.6 Trace,Review,编写自定义跟踪信息
43,ASP.NET,3.4.7 访问其他类中的HTTP上下文,Done,HttpContext
44,ASP.NET,3.5 总结,Done,
45,ASP.NET,4 服务器控件,Done,
46,ASP.NET,4.1 服务器控件的类型,Review,蛮庞大的
47,ASP.NET,4.2 HTML服务器控件,Done,
48,ASP.NET,4.2.1 HtmlControl类,Done,
49,ASP.NET,4.2.2 HtmlContanerControl类,Done,
50,ASP.NET,4.2.3 HtmlInputControl类,Done,
51,ASP.NET,4.2.4 HTML服务器控件类,Review,每个都要试一下
52,ASP.NET,4.2.5 设置Style特性和其他属性,Done,这样套样式会很简单
53,ASP.NET,4.2.6 通过编程创建服务器控件,Done,例子不错
54,ASP.NET,4.2.7 处理服务器端事件,Done,例子不错
55,ASP.NET,4.3 Web控件,Done,注意那个继承树
56,ASP.NET,4.3.1 WebControl基类,Done,有些通用的属性
57,ASP.NET,4.3.2 基本的Web控件类,Done,有个列表
58,ASP.NET,4.3.3 单位,Done,"Pixel, Percentage"
59,ASP.NET,4.3.4 枚举,Done,
60,ASP.NET,4.3.5 颜色,Done,
61,ASP.NET,4.3.6 字体,Done,
62,ASP.NET,4.3.7 焦点,Review,没看明白
63,ASP.NET,4.3.8 默认按钮,Done,DefaultButton
64,ASP.NET,4.3.9 可滚动面板,Done,"ScrollBars=""Auto"""
65,ASP.NET,4.3.10 处理Web控件事件,Done,
66,ASP.NET,4.4 List控件,Done,两个列表
67,ASP.NET,4.4.1 Selectable,Done,
68,ASP.NET,4.4.2 BulletedList控件,Done,
69,ASP.NET,4.5 输入验证控件,Done,
70,ASP.NET,4.5.1 验证控件,Review,6个控件
71,ASP.NET,4.5.2 验证流程,Done,大略讲了下
72,ASP.NET,4.5.3 BaseValidator类,Done,需实做
73,ASP.NET,4.5.4 RequiredFieldValidator控件,Done,需实做
74,ASP.NET,4.5.5 RangeValidator控件,Done,需实做
75,ASP.NET,4.5.6 CompareValidator控件,Done,需实做
76,ASP.NET,4.5.7 RegularExpressionValidator控件,Done,需实做
77,ASP.NET,4.5.8 CusomValidator控件,Done,需实做
78,ASP.NET,4.5.9 ValidationSummary控件,Done,需实做
79,ASP.NET,4.5.10 通过编程使用验证器,Done,一定要重做
80,ASP.NET,4.5.11 验证组,Review,没看明白
81,ASP.NET,4.6 富控件,Done,
82,ASP.NET,4.6.1 AdRotator控件,Done,
83,ASP.NET,4.6.2 Calendar控件,Done,常用控件
84,ASP.NET,4.7 总结,Done,
85,ASP.NET,5 ASP.NET应用程序,Done,
86,ASP.NET,5.1 剖析ASP.NET应用程序,Done,应用程序域
87,ASP.NET,5.1.1 应用程序域,Review,概念模糊
88,ASP.NET,5.1.2 应用程序生命周期,Done,略微清晰点
89,ASP.NET,5.1.3 应用程序更新,Done,影子复制?
90,ASP.NET,5.1.4 应用程序目录结构,Review,这些目录什么时候来?
91,ASP.NET,5.2 global.asax,Done,
92,ASP.NET,5.2.1 应用程序事件,Done,图5-1
93,ASP.NET,5.2.2 演示应用程序事件,Review,需部署到IIS上
94,ASP.NET,5.3 ASP.NET配置,Done,
95,ASP.NET,5.3.1 machine.config文件,Done,
96,ASP.NET,5.3.2 web.config文件,Done,"2.0/3.0类似, 4则不同"
97,ASP.NET,5.3.3 <system.web>设置,Done,
98,ASP.NET,5.3.4 <system.webServer>,Done,
99,ASP.NET,5.3.5 <appSettings>,Review,要多练习
100,ASP.NET,5.3.6 <connectionStrings>,Review,要多练习
101,ASP.NET,5.3.7 通过编程读写配置节,Done,要多练习
102,ASP.NET,5.3.8 网站管理工具（WAT）,Done,"有意思, 也好用"
103,ASP.NET,5.3.9 扩展配置文件结构,Done,加强版的例子要再做
104,ASP.NET,5.3.10 加密配置节,Todo,不是很懂
105,ASP.NET,5.4 .NET组件,Done,两种方式都行
106,ASP.NET,5.4.1 创建组件,Done,要设置App_Code
107,ASP.NET,5.4.2 App_Code目录使用组件,Done,可以用咯
108,ASP.NET,5.4.3 通过Bin目录使用组件,Done,这个常用不做实验
109,ASP.NET,5.5 扩展HTTP管道,Review,现在用得不多
110,ASP.NET,5.5.1 HTTP处理程序,Review,现在略
111,ASP.NET,5.5.2 创建自定义的HTTP处理程序,Review,现在略
112,ASP.NET,5.5.3 配置自定义的HTTP处理程序,Review,比如执行*.simple文件
113,ASP.NET,5.5.4 使用无须配置的HTTP处理程序,Review,*.ashx
114,ASP.NET,5.5.5 创建高级的HTTP处理程序,Todo,
115,ASP.NET,5.5.6 为非HTML内容创建HTTP处理程序,Todo,防盗链
116,ASP.NET,5.5.7 HTTP模块,Done,不太懂
117,ASP.NET,5.5.8 创建自定义HTTP模块,Done,要实验
118,ASP.NET,5.6 总结,Done,
119,ASP.NET,6 状态管理,Done,
120,ASP.NET,6.1 ASP.NET状态管理,Review,此前接触的少
121,ASP.NET,6.2 视图状态,Done,未透彻了解
122,ASP.NET,6.2.1 视图状态示例,Todo,"未透彻了解, 实现例子"
123,ASP.NET,6.2.2 在视图状态中保存对象,Done,
124,ASP.NET,6.2.3 视图状态评估,Done,
125,ASP.NET,6.2.4 有选择地禁用视图状态,Done,
126,ASP.NET,6.2.4 有选择地禁用视图状态,Done,设成false，还是有!
127,ASP.NET,6.2.5 视图状态安全,Done,怎么不要这玩意?
128,ASP.NET,6.3 在页面间传送信息,Done,
129,ASP.NET,6.3.1 查询字符串,Done,
130,ASP.NET,6.3.2 跨页回发,Review,需多多Review
131,ASP.NET,6.4 cookie,Done,要做几个实验
132,ASP.NET,6.5 会话状态,Done,
132,ASP.NET,6.5.1 会话架构,Done,
133,ASP.NET,6.5.2 使用会话状态,Done,有些晦涩
134,ASP.NET,6.5.3 配置会话状态,Done,有些晦涩
135,ASP.NET,6.5.4 会话状态安全,Done,是否只有些设置?
136,ASP.NET,6.6 应用程序状态,Review,完全没看懂
137,ASP.NET,6.7 总结,Done,
138,ASP.NET,第2部分,Done,
139,ASP.NET,7 ADO.NET基础,Done,备注比原文有趣
140,ASP.NET,7.1 ADO.NET的架构,Done,
141,ASP.NET,7.1.1 ADO.NET数据提供程序,Done,"连接,命令,只读,Adapter"
142,ASP.NET,7.1.2 ADO.NET的标准化,Done,
143,ASP.NET,7.1.3 基本ADO.NET类,Done,
144,ASP.NET,7.2 Connection类,Done,
145,ASP.NET,7.2.1 连接字符串,Todo,
146,ASP.NET,7.2.2 测试连接,Todo,有两个例子
147,ASP.NET,7.2.3 连接池,Review,理解不深刻
148,ASP.NET,7.3 Command类和DataReader类,Done,
149,ASP.NET,7.3.1 Command基础,Done,
150,ASP.NET,7.3.2 DataReader类,Todo,流水游标
151,ASP.NET,7.3.3 ExecuteReader()方法和DataReader,Todo,
152,ASP.NET,7.3.4 ExecuteScalar()方法,Todo,实用方法
153,ASP.NET,7.3.5 ExecuteNonQuery()方法,Todo,调试时有用!
154,ASP.NET,7.3.6 SQL注入攻击,Done,入门示例
155,ASP.NET,7.3.7 使用参数化命令,Done,
156,ASP.NET,7.3.8 调用存储过程,Todo,绝对要做实验
157,ASP.NET,7.4 事务,Done,
158,ASP.NET,7.4.1 事务和ASP.NET应用程序,Todo,很重要
159,ASP.NET,7.4.2 隔离级别,Todo,很多概念不懂
160,ASP.NET,7.4.3 保存点,Todo,
161,ASP.NET,7.5 提供程序无关的代码,Done,
162,ASP.NET,7.5.1 创建工厂,Done,
163,ASP.NET,7.5.2 用工厂创建对象,Done,
164,ASP.NET,7.5.3 使用提供程序无关的代码的查询,Todo,实验
165,ASP.NET,7.6 总结,Done,
166,ASP.NET,8 数据组件和DataSet,Done,
167,ASP.NET,8.1 构建数据访问组件,Done,
168,ASP.NET,8.1.1 数据包,Done,
169,ASP.NET,8.1.2 存储过程,Done,
170,ASP.NET,8.1.3 数据应用类,Todo,并发策略
171,ASP.NET,8.1.4 测试数据库组件,Todo,并发策略
172,ASP.NET,8.2 非连接的数据,Done,
173,ASP.NET,8.2.1 Web应用程序和DataSet,Done,
174,ASP.NET,8.2.2 XML集成,Done,提供XML序列化
175,ASP.NET,8.3 DataSet类,Review,居然没有实验
176,ASP.NET,8.4 DataAdapater类,Done,嗯哼
177,ASP.NET,8.4.1 填充DataSet,Todo,实验
178,ASP.NET,8.4.2 使用多个表和关系,Todo,"实验, 意见很重要"
179,ASP.NET,8.4.3 查找特定行,Done,
180,ASP.NET,8.4.4 在数据访问类里使用DataSet,Done,
181,ASP.NET,8.4.5 数据绑定,Done,
182,ASP.NET,8.5 DataView类,Done,
183,ASP.NET,8.5.1 使用DataView排序,Todo,实验
184,ASP.NET,8.5.2 使用DataView过滤,Done,实验
185,ASP.NET,8.5.3 使用关系的高级过滤,Todo,实验
186,ASP.NET,8.5.4 计算列,Todo,实验
187,ASP.NET,9 数据绑定,Done,
188,ASP.NET,9.1 基本的数据绑定,Done,
189,ASP.NET,9.1.1 单值绑定,Todo,实验
190,ASP.NET,9.1.2 其他类型的表达式,Todo,实验
191,ASP.NET,9.1.3 重复值绑定,Review,蛮复杂滴
192,ASP.NET,9.2 数据源控件,Done,有点晦涩
193,ASP.NET,9.3 SqlDataSource,Done,最后观点不同意
194,ASP.NET,9.3.1 选择记录,Review,翻译的有问题吗?
195,ASP.NET,9.3.2 参数化命令,Review,翻译的有问题吗?
199,ASP.NET,9.3.3 错误处理,Done,
200,ASP.NET,9.3.4 更新记录,Review,复杂!
201,ASP.NET,9.3.5 删除记录,Todo,作者真会这么用?
202,ASP.NET,9.3.6 插入记录,Todo,作者真会这么用?
203,ASP.NET,9.3.7 SqlDataSource的不足,Done,
204,ASP.NET,9.4 ObjectDataSource,Done,
205,ASP.NET,9.4.1 选择记录,Done,
206,ASP.NET,9.4.2 更新记录,Done,
207,ASP.NET,9.4.3 使用数据对象执行更新,Done,
208,ASP.NET,9.5 数据源控件的限制,Done,
209,ASP.NET,9.5.1 问题,Done,
210,ASP.NET,9.5.2 添加其他项,Done,
211,ASP.NET,9.5.3 使用SqlDataSource处理其他选项,Todo,
212,ASP.NET,9.5.4 使用ObjectDataSource处理其他选项,Todo,
213,ASP.NET,9.6 总结,Done,
214,ASP.NET,10 富数据控件,Done,
215,ASP.NET,10.1 GridView,Done,
216,ASP.NET,10.2 格式化GridView,Done,
217,ASP.NET,10.2.1 格式化字段,Done,
218,ASP.NET,10.2.2 样式,Done,
219,ASP.NET,10.2.3 格式化特定值,Done,
220,ASP.NET,10.3 GridView行选择,Done,
221,ASP.NET,10.3.1 使用选择来创建主-从表单,Todo,实验
222,ASP.NET,10.3.2 SelectedIndexChanged事件,Todo,实验
223,ASP.NET,10.3.3 将数据字段用作选择按钮,Todo,实验
224,ASP.NET,10.4 对GridView排序,Todo,实验
225,ASP.NET,10.4.1 使用SqlDataSource排序,Todo,实验
226,ASP.NET,10.4.2 使用ObjectDataSource排序,Todo,实验
227,ASP.NET,10.4.3 排序和选择,Todo,实验
228,ASP.NET,10.4.4 高级排序,Todo,实验
229,ASP.NET,10.5 GridView分页,Done,
230,ASP.NET,10.5.1 自动分页,Todo,实验
231,ASP.NET,10.5.2 分页和选择,Todo,实验
232,ASP.NET,10.5.3 ObjectDataSource的自定义分页,Todo,"实验, 复杂玩意"
233,ASP.NET,10.5.4 定制分页栏,Review,没看明白
234,ASP.NET,10.6 GridView模板,Review,没看明白
235,ASP.NET,10.6.1 使用多个模板,Done,
236,ASP.NET,10.6.2 在Visual Studio中编辑模板,Done,
237,ASP.NET,10.6.3 绑定到方法,Review,没看明白
238,ASP.NET,10.6.4 处理模板中的事件,Review,没怎么明白
239,ASP.NET,10.6.5 使用模板编辑,Todo,"实验, 复杂玩意"
240,ASP.NET,10.6.6 模板中的客户端ID,Review,没怎么明白
241,ASP.NET,10.7 ListView,Done,
242,ASP.NET,10.7.1 分组,Todo,
242,ASP.NET,10.7.2 分页,Todo,
243,ASP.NET,10.8 DetailsView和FormView,Done,
244,ASP.NET,10.8.1 DetailsView,Todo,
245,ASP.NET,10.8.2 FormView,Done,
250,ASP.NET,10.9高级网格,Done,
251,ASP.NET,10.9.1 GridView中的汇总,Todo,
252,ASP.NET,10.9.2 单个表中的父/子视图,Review,
253,ASP.NET,10.9.3 使用查找表编辑字段,Review,
254,ASP.NET,10.9.4 处理来自数据库的图片,Todo,
255,ASP.NET,10.9.5 探测并发冲突,Todo,几乎不理解
256,ASP.NET,10.10 总结,Done,
257,ASP.NET,11 缓存和异步页面,Done,
258,ASP.NET,11.1 理解ASP.NET缓存,Done,
259,ASP.NET,11.2 输出缓存,Done,
260,ASP.NET,11.2.1 声明性的输出缓存,Todo,要实验
261,ASP.NET,11.2.2 缓存和查询字符串,Todo,要实验
262,ASP.NET,11.2.3 使用特定查询字符串参数的缓存,Todo,要实验
263,ASP.NET,11.2.4 自定义缓存控制,Todo,不太懂
264,ASP.NET,11.2.5 使用HttpCachePolicy类进行缓存,Review,要实验
265,ASP.NET,11.2.6 缓存后替换和部分页缓存,Todo,要实验
266,ASP.NET,11.2.7 缓存用户配置,Todo,要实验
267,ASP.NET,11.2.8 输出缓存扩展,Todo,要实验
268,ASP.NET,11.3 数据缓存,Done,
269,ASP.NET,11.3.1 向缓存添加项目,Todo,要实验
270,ASP.NET,11.3.2 简单的缓存测试,Todo,要实验
271,ASP.NET,11.3.3 缓存优先级,Todo,要实验
272,ASP.NET,11.3.4 使用数据源控件的缓存,Todo,Form的复杂性
273,ASP.NET,11.4 缓存依赖,Done,
274,ASP.NET,11.4.1 文件和缓存项目依赖,Done,
275,ASP.NET,11.4.2 聚合依赖,Done,
276,ASP.NET,11.4.3 移除项目回调,Todo,
277,ASP.NET,11.4.4 理解SQL缓存通知,Done,
278,ASP.NET,11.4.5 缓存通知的工作方式,Todo,"理解原理, 但"
279,ASP.NET,11.4.6 启用通知,Done,
280,ASP.NET,11.4.7 创建缓存依赖,Todo,
281,ASP.NET,11.5 自定义缓存依赖,Done,
282,ASP.NET,11.5.1 基本的自定义缓存依赖,Todo,
283,ASP.NET,11.5.2 使用消息队列的自定义缓存依赖,Todo,
284,ASP.NET,11.6 异步页面,Done,
285,ASP.NET,11.6.1 创建异步页面,Done,
286,ASP.NET,11.6.2 在异步页面中查询数据,Done,
287,ASP.NET,11.6.3 错误处理,Todo,没明白
288,ASP.NET,11.6.4 在异步任务中使用缓存,Todo,例子好像不错
289,ASP.NET,11.6.5 多异步任务和超时,Todo,
290,ASP.NET,11.7 总结,Done,
291,ASP.NET,12 文件和流,Done,
292,ASP.NET,12.1 使用文件系统,Done,
293,ASP.NET,12.1.1 Directory类和File类,Done,
294,ASP.NET,12.1.2 DirectoryInfo类和FileInfo类,Done,
295,ASP.NET,12.1.3 DriveInfo类,Done,
296,ASP.NET,12.1.4 使用Attributes,Done,
297,ASP.NET,12.1.5 使用通配符过滤文件,Done,
298,ASP.NET,12.1.6 获取文件的版本信息,Done,
299,ASP.NET,12.1.7 Path类,Done,
300,ASP.NET,12.1.8 文件浏览器,Todo,
301,ASP.NET,12.2 使用流读写文件,Done,
302,ASP.NET,12.2.1 文本文件,Done,提示很重要
303,ASP.NET,12.2.2 二进制文件,Done,
304,ASP.NET,12.2.3 上传文件,Todo,实验
305,ASP.NET,12.2.4 使文件对多用户安全,Todo,实验
306,ASP.NET,12.3 序列化,Done,实验
307,ASP.NET,12.4 总结,Done,
308,ASP.NET,13 LINQ,Done,
309,ASP.NET,13.1 LINQ基础,Done,
310,ASP.NET,13.1.1 延迟执行,Done,
311,ASP.NET,13.1.2 LINQ是如何工作的,Done,
312,ASP.NET,13.1.3 LINQ表达式,Todo,实验
313,ASP.NET,13.1.4 揭秘LINQ表达式,Todo,实验
314,ASP.NET,13.2 LINQ to DataSet,Done,
315,ASP.NET,13.2.1 强类型的DataSet,Done,
316,ASP.NET,13.2.2 空值,Review,不太懂
317,ASP.NET,13.3 LINQ to Entities,Done,"哇, 似乎很COOL"
318,ASP.NET,13.3.1 生成数据模型,Done,
319,ASP.NET,13.3.2 数据模型类,Done,
320,ASP.NET,13.3.3 实体关系,Todo,实验
321,ASP.NET,13.3.4 查询存储过程,Todo,实验
322,ASP.NET,13.3.5 LINQ to Entities查询探秘,Todo,实验
323,ASP.NET,13.4 数据库操作,Done,
324,ASP.NET,13.4.1 插入,Todo,实验
325,ASP.NET,13.4.2 更新,Todo,实验
326,ASP.NET,13.4.3 删除,Todo,实验
327,ASP.NET,13.4.4 管理并发,Todo,实验
328,ASP.NET,13.5 EntityDataSource控件,Done,
329,ASP.NET,13.5.1 显示数据,Todo,实验
330,ASP.NET,13.5.2 获取关联数据,Todo,实验
331,ASP.NET,13.5.3 编辑数据,Todo,实验
332,ASP.NET,13.5.4 验证,Todo,实验
333,ASP.NET,13.6 使用QueryExtender控件,Done,
334,ASP.NET,13.6.1 使用SearchExpression,Done,
335,ASP.NET,13.6.2 使用RangeExpression,Done,
336,ASP.NET,13.6.3 使用PropertyExpression,Done,
337,ASP.NET,13.6.4 使用MethodExpression,Done,
338,ASP.NET,13.7 总结,Done,
339,ASP.NET,14 XML,Done,
340,ASP.NET,14.1 什么时候使用XML,Done,
341,ASP.NET,14.2 XML简介,Done,
342,ASP.NET,14.2.1 XML的优点,Done,
343,ASP.NET,14.2.2 格式良好的XML,Done,
344,ASP.NET,14.2.3 XML命名空间,Done,
345,ASP.NET,14.2.4 XML架构,Done,
346,ASP.NET,14.3 基于流的XML处理,Done,
347,ASP.NET,14.3.1 写XML文件,Done,
348,ASP.NET,14.3.2 读取XML文件,Done,
349,ASP.NET,14.4 内存中的XML处理,Done,
350,ASP.NET,14.4.1 XmlDocument,Todo,
351,ASP.NET,14.4.2 XPathNavigator,Todo,
352,ASP.NET,14.4.3 Xdocument,Todo,
353,ASP.NET,14.5 搜索XML内容,Done,
354,ASP.NET,14.5.1 搜索XMLDocument,Todo,
354,ASP.NET,14.5.2 使用XPath搜索XMLDocument,Todo,
355,ASP.NET,14.5.3 使用LINQ搜索XDocument,Todo,
356,ASP.NET,14.6 验证XML内容,Done,
357,ASP.NET,14.6.1 基本架构,Done,
358,ASP.NET,14.6.2 验证XmlDocument,Done,
359,ASP.NET,14.6.3 使用Xdocument进行验证,Todo,
360,ASP.NET,14.7 转换XML内容,Done,
361,ASP.NET,14.7.1 基本的样式表,Todo,
362,ASP.NET,14.7.2 使用XslCompiledTransform,Todo,
363,ASP.NET,14.7.3 使用Xml控件,Todo,
364,ASP.NET,14.7.4 使用LINQ to XML转换XML,Todo,
365,ASP.NET,14.8 XML数据绑定,Done,
367,ASP.NET,14.8.1  非层次化绑定,Done,
368,ASP.NET,14.8.2  使用Xpath,Todo,
369,ASP.NET,14.8.3 嵌套的网格,Todo,
370,ASP.NET,14.8.4 使用TreeView的层次化绑定,Todo,
371,ASP.NET,14.8.5 使用XSLT,Todo,
372,ASP.NET,14.8.6 绑定到其他源的XML内容,Todo,
373,ASP.NET,14.8.7 通过XmlDataSource更新XML,Todo,
374,ASP.NET,14.9 XML和ADO.NET数据集,Done,
375,ASP.NET,14.9.1 把DataSet转换为XML,Todo,
376,ASP.NET,14.9.2 把DataSet作为XML访问,Todo,
377,ASP.NET,14.10 总结,Done,
378,ASP.NET,Part 3 构建ASP.NET网站,Done,
379,ASP.NET,15 用户控件,Done,
380,ASP.NET,15.1 用户控件基础,Done,
381,ASP.NET,15.1.1 创建简单的用户控件,Todo,
382,ASP.NET,15.1.2 把页面转换成用户控件,Todo,
383,ASP.NET,15.2 为用户控件添加代码,Done,
384,ASP.NET,15.2.1 处理事件,Todo,
385,ASP.NET,15.2.2 添加属性,Todo,
386,ASP.NET,15.2.3 使用自定义对象,Todo,
387,ASP.NET,15.2.4 添加事件,Todo,
388,ASP.NET,15.2.5 公开内部Web控件,Todo,
389,ASP.NET,15.3 动态加载用户控件,Done,
390,ASP.NET,15.4 局部页面缓存,Done,
391,ASP.NET,15.4.1 VaryByControl,Todo,
392,ASP.NET,15.4.2 共享缓存控件,Todo,
393,ASP.NET,15.5 总结,Todo,
394,ASP.NET,16 主题和母版页,Done,
395,ASP.NET,16.1 层叠样式表,Done,
396,ASP.NET,16.1.1 创建样式表,Done,
397,ASP.NET,16.1.2 应用样式表规则,Done,
398,ASP.NET,16.2 主题,Done,
399,ASP.NET,16.2.1 主题文件夹和外观,Done,
400,ASP.NET,16.2.2 应用简单主题,Todo,
